0,0
0.000107941,18.6042
0.00020598,18.6042
0.00030397,49.4386
0.000402009,49.4386
0.000500039,49.4386
0.000598078,86.9539
0.000696107,86.9539
0.000794147,122.975
0.000892176,122.975
0.000990215,122.975
0.001088245,165.734
0.001186284,165.734
0.001284313,206.088
0.001382352,206.088
0.001480382,240.31
0.001578421,240.31
0.00167645,240.31
0.00177449,267.658
0.001872519,267.658
0.001970558,284.925
0.002068588,284.925
0.002166617,284.925
0.002264656,292.814
0.002362686,292.814
0.002460725,299.259
0.002558754,299.259
0.002656794,299.259
0.002754823,304.271
0.002852862,304.271
0.002950892,308.37
0.003048931,308.37
0.00314696,312.659
0.003245,312.659
0.003343029,312.659
0.003441068,316.976
0.003539098,316.976
0.003637137,320.2
0.003735166,320.2
0.003833205,320.2
0.003931235,324.941
0.004029274,324.941
0.004127303,328.239
0.004225343,328.239
0.004303745,331.602
0.004421411,331.602
0.004519441,331.602
0.00461748,334.731
0.004715509,334.731
0.004813549,337.233
0.004911578,337.233
0.005009617,337.233
0.005107647,340.783
0.005195823,340.783
0.005293862,344.679
0.005391892,344.679
0.005489931,347.894
0.00558796,347.894
0.005686,347.894
0.005784029,350.721
0.005882068,350.721
0.005980098,353.741
0.006078137,353.741
0.006176166,353.741
0.006274196,357.465
0.006372235,357.465
0.006470264,360.26
0.006568303,360.26
0.006666333,360.26
0.006764372,363.521
0.006862401,363.521
0.006960441,365.232
0.00705847,365.232
0.007156509,365.232
0.007254539,368.268
0.007342803,368.268
0.007450607,371.188
0.007548647,371.188
0.007646676,371.188
0.007744715,372.867
0.007842745,372.867
0.007940784,375.631
0.008038813,375.631
0.008136852,375.631
0.008234882,379.133
0.008332921,379.133
0.00843095,382.56
0.00852899,382.56
0.008627019,382.56
0.008725058,384.573
0.008823088,384.573
0.008921127,387.506
0.009019156,387.506
0.009117192,387.506
0.009215226,389.294
0.00931326,389.294
0.009411294,389.294
0.009509328,392.043
0.009607362,392.043
0.009705397,394.19
0.009803431,394.19
0.009901465,394.19
0.009999499,396.673
0.010097533,396.673
0.010195567,399.381
0.010293601,399.381
0.010362238,399.381
0.01048967,400.978
0.010587704,400.978
0.010685739,403.625
0.010783772,403.625
0.010881806,403.625
0.010979841,405.522
0.011077872,405.522
0.011175911,408.223
0.011273941,408.223
0.01137198,408.223
0.011470009,409.813
0.011568049,409.813
0.011666078,413.054
0.011764117,413.054
0.011862147,413.054
0.011960186,416.061
0.012058215,416.061
0.012156254,417.372
0.012254284,417.372
0.012352323,417.372
0.012450352,419.781
0.012548392,419.781
0.012646421,421.749
0.01274446,421.749
0.01284249,421.749
0.012940529,423.743
0.013038558,423.743
0.013136598,425.734
0.013234627,425.734
0.013332656,425.734
0.013401294,427.928
0.013528813,427.928
0.013626764,429.768
0.013724794,429.768
0.013822833,429.768
0.013920862,431.443
0.01401899,431.443
0.014117019,433.456
0.01421497,433.456
0.014313088,434.548
0.014411127,434.548
0.014509156,434.548
0.014607107,436.69
0.014705225,436.69
0.014803264,438.863
0.014901294,438.863
0.014999333,438.863
0.015097362,440.909
0.015195401,440.909
0.015293431,442.483
0.01539147,442.483
0.0154895,442.483
0.015587529,444.461
0.015685568,444.461
0.015783598,446.436
0.015881637,446.436
0.015979666,448.344
0.016077705,448.344
0.016175735,448.344
0.016273774,450.127
0.016371803,450.127
0.016469843,452.331
0.016567872,452.331
0.016665911,452.331
0.016763941,454.888
0.01686198,454.888
0.016960009,457.146
0.017058049,457.146
0.017156078,457.146
0.017254117,458.235
0.017352147,458.235
0.017450186,460.351
0.017548215,460.351
0.017646254,462.503
0.017744284,462.503
0.017842323,462.503
0.017940352,464.331
0.018038392,464.331
0.018136421,466.465
0.01823446,466.465
0.01833249,466.465
0.018430529,469.189
0.018528558,469.189
0.018626598,471.36
0.018724627,471.36
0.018822666,473.102
0.018920696,473.102
0.019018735,473.102
0.019116764,474.73
0.019214794,474.73
0.019312833,477.816
0.019410862,477.816
0.019508901,477.816
0.019606931,479.795
0.01970497,479.795
0.019803,482.586
0.019901078,482.586
0.019999117,484.074
0.020097058,484.074
0.020195098,484.074
0.020293137,486.891
0.020391176,486.891
0.020489215,488.882
0.020587254,488.882
0.020685294,488.882
0.020783333,490.846
0.020881372,490.846
0.020979411,492.297
0.02107745,492.297
0.02117549,495.274
0.021273529,495.274
0.021371568,495.274
0.021459705,496.864
0.021557745,496.864
0.021655784,498.758
0.021753823,498.758
0.021851862,498.758
0.021949901,501.043
0.022047941,501.043
0.02214598,503.996
0.022244019,503.996
0.022342058,503.996
0.022440098,506.886
0.022538137,506.886
0.022636176,509.883
0.022734215,509.883
0.022832254,509.883
0.022930196,512.097
0.023028235,512.097
0.023126274,514.235
0.023224313,514.235
0.023322352,514.235
0.023420392,516.822
0.023518431,516.822
0.02361647,520.373
0.023714509,520.373
0.023812549,522.335
0.023910588,522.335
0.024008627,522.335
0.024106666,524.554
0.024204705,524.554
0.024302745,524.554
0.024400784,526.899
0.024498823,526.899
0.024596862,529.243
0.024694901,529.243
0.024792843,531.505
0.024890882,531.505
0.024988921,531.505
0.02508696,533.933
0.025185,533.933
0.025283039,537.689
0.025381078,537.689
0.025479117,537.689
0.025577156,539.986
0.025675196,539.986
0.025773235,542.966
0.025871274,542.966
0.025969313,542.966
0.026067352,546.508
0.026165392,546.508
0.026263431,549.371
0.02636147,549.371
0.026459509,552.239
0.026557549,552.239
0.026655588,552.239
0.026753529,554.011
0.026851568,554.011
0.026949607,555.973
0.027047647,555.973
0.027145686,555.973
0.027243725,558.619
0.027341764,558.619
0.027439803,561.053
0.027537843,561.053
0.027635882,563.525
0.027733921,563.525
0.02783196,563.525
0.02793,566.306
0.028028039,566.306
0.028126078,566.306
0.028224117,568.654
0.028322156,568.654
0.028420196,570.784
0.028518235,570.784
0.028616176,570.784
0.028714215,573.733
0.028812254,573.733
0.028910294,576.432
0.029008333,576.432
0.029106372,576.432
0.029204411,578.84
0.029302549,578.84
0.029400588,581.872
0.029498627,581.872
0.029596666,581.872
0.029694705,584.477
0.029792745,584.477
0.029890784,586.969
0.029988823,586.969
0.030086862,586.969
0.030184901,590.151
0.030282843,590.151
0.030380882,593.302
0.030478921,593.302
0.03057696,593.302
0.030675,596.272
0.030773039,596.272
0.030871078,598.672
0.030969117,598.672
0.031067156,598.672
0.031165196,600.892
0.031263235,600.892
0.031361274,603.461
0.031459313,603.461
0.031557352,603.461
0.031655392,606.37
0.031753431,606.37
0.03185147,609.157
0.031949509,609.157
0.032047549,611.659
0.032145588,611.659
0.032243529,611.659
0.032341568,615.045
0.032439607,615.045
0.032537647,617.115
0.032635686,617.115
0.032733725,617.115
0.032831764,619.481
0.032929803,619.481
0.033027843,622.746
0.033125882,622.746
0.033223921,624.71
0.03332196,624.71
0.03342,624.71
0.033518039,628.163
0.033616078,628.163
0.033714117,628.163
0.033812156,630.807
0.033910196,630.807
0.034008235,634.466
0.034106176,634.466
0.034204215,635.786
0.034302254,635.786
0.034400294,635.786
0.034498333,638.902
0.034596372,638.902
0.034694411,641.082
0.03479245,641.082
0.03489049,641.082
0.034988529,643.035
0.035086568,643.035
0.035184607,645.714
0.035282647,645.714
0.035380686,645.714
0.035478725,648.302
0.035576764,648.302
0.035664901,651.047
0.035772843,651.047
0.035870882,651.047
0.035968921,654.288
0.036066862,654.288
0.036164901,657.787
0.036262941,657.787
0.03636098,660.477
0.036459019,660.477
0.036557058,660.477
0.036655098,662.706
0.036753137,662.706
0.036851176,665.303
0.036949215,665.303
0.037047254,665.303
0.037145294,668.203
0.037243333,668.203
0.037341372,670.355
0.037439411,670.355
0.03753745,670.355
0.03763549,673.181
0.037733529,673.181
0.037831568,675.016
0.037929509,675.016
0.038027549,675.016
0.038125588,678.061
0.038223627,678.061
0.038321666,680.944
0.038419705,680.944
0.038517745,680.944
0.038615784,684.318
0.038713823,684.318
0.038811862,686.309
0.038909901,686.309
0.039007941,686.309
0.03910598,689.421
0.039204019,689.421
0.039302058,692.109
0.039400098,692.109
0.039498137,692.109
0.039596176,694.607
0.039694215,694.607
0.039792156,698.419
0.039890196,698.419
0.039988235,698.419
0.040086274,701.054
0.040184313,701.054
0.040282352,701.054
0.040380392,703.086
0.040468627,703.086
0.040566666,705.798
0.040664607,705.798
0.040762647,708.33
0.040860686,708.33
0.040958725,708.33
0.041056764,709.758
0.041154803,709.758
0.041252843,712.696
0.041350882,712.696
0.041449019,712.696
0.041547058,714.683
0.04162549,714.683
0.041743039,716.613
0.041841176,716.613
0.041939215,719.108
0.042037254,719.108
0.042135196,719.108
0.042233333,721.398
0.042331274,721.398
0.042429411,721.398
0.042527352,723.803
0.04262549,723.803
0.042723431,725.336
0.04282147,725.336
0.042919509,725.336
0.043017549,728.097
0.043115588,728.097
0.043213627,730.332
0.043311666,730.332
0.043409705,730.332
0.043507745,732.807
0.043605784,732.807
0.043703823,734.73
0.043801862,734.73
0.043899901,734.73
0.043997941,737.283
0.04409598,737.283
0.044194019,738.715
0.044292058,738.715
0.044390098,738.715
0.044488137,741.9
0.044586078,741.9
0.044684117,744.292
0.044782156,744.292
0.044880196,744.292
0.044978235,746.134
0.045076274,746.134
0.045174313,748.564
0.045272352,748.564
0.045370392,748.564
0.045468431,750.714
0.04556647,750.714
0.045664509,752.886
0.045762549,752.886
0.045860588,752.886
0.045958627,755.052
0.046056666,755.052
0.046154705,757.685
0.046252745,757.685
0.046350784,759.679
0.046448823,759.679
0.046546764,759.679
0.046615392,761.532
0.046742843,761.532
0.046840882,763.373
0.046938921,763.373
0.04703696,763.373
0.047135,765.901
0.047233039,765.901
0.047331078,765.901
0.047429117,767.138
0.047527156,767.138
0.047625196,769.6
0.047723235,769.6
0.047821274,772.35
0.047919313,772.35
0.048017352,772.35
0.048115392,774.749
0.048213431,774.749
0.04831147,775.668
0.048409411,775.668
0.04850745,775.668
0.04860549,776.748
0.048703529,776.748
0.048801568,780.052
0.048899607,780.052
0.048997647,780.052
0.049095686,780.857
0.049193725,780.857
0.049291764,783.014
0.049389803,783.014
0.049487843,783.014
0.049585882,784.813
0.049654411,784.813
0.04978196,784.813
0.04988,787.577
0.049978039,787.577
0.050076078,789.87
0.050174117,789.87
0.050272156,789.87
0.050370098,791.903
0.050468137,791.903
0.050566176,792.935
0.050664215,792.935
0.050762254,792.935
0.050860294,794.685
0.050958333,794.685
0.051056372,796.244
0.051154411,796.244
0.05125245,796.244
0.05135049,798.487
0.051448529,798.487
0.051546568,800.026
0.051644607,800.026
0.051742647,801.693
0.051840686,801.693
0.051938725,801.693
0.052036764,803.282
0.052134803,803.282
0.052232745,805.251
0.052330784,805.251
0.052428823,805.251
0.052526862,806.709
0.052624901,806.709
0.052722941,808.401
0.05282098,808.401
0.052919019,808.401
0.053017058,810.112
0.053115098,810.112
0.053213137,811.568
0.053311176,811.568
0.053409215,811.568
0.053507254,813.473
0.053605294,813.473
0.053703333,814.675
0.053801372,814.675
0.053899411,814.675
0.05399745,816.416
0.05409549,816.416
0.054193431,817.68
0.05429147,817.68
0.054389509,817.68
0.054487549,819.891
0.054585588,819.891
0.054683627,821.815
0.054781666,821.815
0.054879705,822.954
0.054977745,822.954
0.055075784,822.954
0.055173823,824.342
0.055271862,824.342
0.055369901,824.846
0.055467941,824.846
0.05556598,824.846
0.055664019,826.029
0.055762058,826.029
0.055860098,826.801
0.055958137,826.801
0.056056078,826.801
0.056154117,828.744
0.056252156,828.744
0.056350196,829.797
0.056448235,829.797
0.056546274,829.797
0.056644313,830.92
0.056742352,830.92
0.056840392,832.06
0.056938431,832.06
0.05703647,832.06
0.057134509,834.27
0.057232549,834.27
0.057330588,835.373
0.057428627,835.373
0.057526666,836.088
0.057624705,836.088
0.057722745,836.088
0.057820784,837.392
0.057918823,837.392
0.058016764,838.218
0.058114803,838.218
0.058203137,838.218
0.058301176,840.326
0.058399215,840.326
0.058497254,841.408
0.058595196,841.408
0.058693235,841.408
0.058791274,842.523
0.058889313,842.523
0.058987352,843.301
0.059085392,843.301
0.059183431,843.301
0.05928147,844.488
0.059379509,844.488
0.059477549,845.122
0.059575588,845.122
0.059673627,845.122
0.059771666,846.031
0.059869705,846.031
0.059967745,847.343
0.060065784,847.343
0.060163823,847.343
0.060261862,848.487
0.060359901,848.487
0.060457941,850.317
0.060555882,850.317
0.060653921,850.643
0.06075196,850.643
0.06085,850.643
0.060948039,851.526
0.061046078,851.526
0.061144117,852.748
0.061242156,852.748
0.061340196,852.748
0.061438235,853.553
0.061536274,853.553
0.061634313,854.304
0.061732352,854.304
0.061830392,854.304
0.061928431,855.634
0.06202647,855.634
0.062124509,855.995
0.062222549,855.995
0.062320588,855.995
0.062418529,857.824
0.062516568,857.824
0.062614607,857.886
0.062712647,857.886
0.062810686,857.886
0.062908725,858.28
0.063006764,858.28
0.063104803,859.549
0.063202843,859.549
0.063300882,859.549
0.063398921,860.403
0.06349696,860.403
0.063595,861.027
0.063693039,861.027
0.063791078,862.717
0.063889117,862.717
0.063987156,862.717
0.064085196,863.123
0.064183235,863.123
0.064281274,864.014
0.064379215,864.014
0.064477254,864.014
0.064575294,864.129
0.064673333,864.129
0.064771372,864.537
0.064869411,864.537
0.06496745,864.537
0.06506549,865.128
0.065163529,865.128
0.065261568,865.669
0.065359607,865.669
0.065457647,865.669
0.065555686,866.456
0.065653725,866.456
0.065751764,866.614
0.065849803,866.614
0.065947843,866.614
0.066045882,867.728
0.066143921,867.728
0.066241862,868.794
0.066339901,868.794
0.066437941,868.738
0.06653598,868.738
0.066634019,868.738
0.066732058,869.612
0.066830098,869.612
0.066928137,870.312
0.067026176,870.312
0.067124215,870.312
0.067222254,870.683
0.067320294,870.683
0.067418333,871.077
0.067516372,871.077
0.067614411,871.629
0.06771245,871.629
0.06781049,871.629
0.067908529,871.684
0.068006568,871.684
0.068104607,871.684
0.068202549,871.867
0.068300588,871.867
0.068398627,872.373
0.068496666,872.373
0.068594705,872.515
0.068692745,872.515
0.068790784,872.515
0.068888823,873.236
0.068986862,873.236
0.069084901,873.236
0.069182941,874.168
0.06928098,874.168
0.069379019,873.968
0.069477058,873.968
0.069575098,873.968
0.069673137,874.27
0.069771176,874.27
0.069869215,875.045
0.069967254,875.045
0.070065196,874.857
0.070163235,874.857
0.070261274,874.857
0.070359313,874.466
0.070457352,874.466
0.070555392,874.556
0.070653431,874.556
0.07075147,874.556
0.070849509,874.312
0.070947549,874.312
0.071045588,875.047
0.071143627,875.047
0.071241666,875.047
0.071339705,874.977
0.071437745,874.977
0.071535784,874.977
0.071633823,875.291
0.071731862,875.291
0.071829901,875.274
0.071927843,875.274
0.072025882,875.826
0.072123921,875.826
0.07222196,875.826
0.07232,874.71
0.072418039,874.71
0.072516078,873.952
0.072614117,873.952
0.072712156,873.952
0.072810196,873.278
0.072908235,873.278
0.073006274,872.163
0.073104313,872.163
0.073202352,872.163