grain_id,X,Y,Z,GrainRadius,Eul0,Eul1,Eul2
1,20.0,100.0,0.0,15.0,229.30620743572354,24.280804238748328,14.750468617030087
2,60.0,94.0,0.0,10.0,11.086524161761556,65.58277499795238,-33.22127399763665
6,60.0,106.0,0.0,10.0,-2.2902649547788374,68.67807206951771,-28.710321009551045
3,100.0,88.0,0.0,10.0,-139.09060394993656,74.33832624162285,-165.15981951941652
7,100.0,100.0,0.0,10.0,-131.92612051641765,63.52939122406294,-168.45926044171222
8,100.0,112.0,0.0,10.0,-133.27801842362473,70.28012617361435,-167.42832637326515
4,140.0,100.0,0.0,15.0,308.66553957152496,3.022701777491792,262.6759607147799
5,180.0,94.0,0.0,10.0,104.64478931308818,29.220992732449595,12.910591698060678
9,180.0,106.0,0.0,10.0,94.17263196641899,40.465072695717026,20.844770394143108
